{
 "templeR0013": [
  [
   0.9999999980543897,
   -6.182408888396654e-05,
   -8.306796826921333e-06,
   1.091738428478923e-06
  ],
  [
   6.18238836770126e-05,
   0.999999997783822,
   -2.4701486601516357e-05,
   -1.9898690656637707e-06
  ],
  [
   8.308323955381249e-06,
   2.4700972995027556e-05,
   0.9999999996604169,
   -1.1492911636991761e-05
  ]
 ],
 "templeR0042": [
  [
   -0.9998470379536887,
   -0.00919206363824825,
   0.014879739960947455,
   0.018591536611026166
  ],
  [
   0.010130383396413853,
   -0.9978814593929386,
   0.06426482966647233,
   -0.9990698770111522
  ],
  [
   0.014257490223622276,
   0.06440573705726403,
   0.997821940531794,
   0.03903046339961439
  ]
 ],
 "templeR0044": [
  [
   -0.9991478394424299,
   -0.040422097854174846,
   0.00834559420245023,
   0.09286156486530817
  ],
  [
   0.04067223467245966,
   -0.9298103170403503,
   0.36578483245218313,
   -4.5206373633857515
  ],
  [
   -0.007025970699684738,
   0.3658125590112931,
   0.9306620264120251,
   0.7137085921268395
  ]
 ],
 "templeR0032": [
  [
   -0.9846087680440426,
   0.0666605005385698,
   0.16156098402380395,
   -1.616430785072231
  ],
  [
   0.08058719269022692,
   -0.6471098882602677,
   0.7581256471654892,
   -9.073945833590678
  ],
  [
   0.1550847454300414,
   0.759476905628954,
   0.6317780872673321,
   4.028341989857068
  ]
 ],
 "templeR0034": [
  [
   -0.9825520348345783,
   0.06378316665910679,
   0.17470891932974156,
   -1.769353501409103
  ],
  [
   0.11242098046002195,
   -0.5446535873481184,
   0.8310920484165595,
   -9.9631938838164
  ],
  [
   0.14816552228786864,
   0.8362321313126889,
   0.5279799243961846,
   5.1671433494521475
  ]
 ],
 "templeR0036": [
  [
   -0.9840922105870521,
   0.018272191374144334,
   0.17671629263957503,
   -1.8161414076448543
  ],
  [
   0.15837353558648154,
   -0.36048983345328633,
   0.919219725203207,
   -11.00619797503942
  ],
  [
   0.08050058563592397,
   0.9325841554515113,
   0.3518614055463669,
   7.369880859027868
  ]
 ],
 "templeR0038": [
  [
   -0.9809971801972027,
   -0.005792287338273763,
   0.19393550951934457,
   -2.03216701505633
  ],
  [
   0.19344417544371212,
   -0.10628362795177337,
   0.9753374500224583,
   -11.635250334386253
  ],
  [
   0.014962734778082312,
   0.9943189829409875,
   0.10538442356990352,
   10.272692763744223
  ]
 ],
 "templeR0015": [
  [
   0.9991063465078692,
   -0.04148237898562477,
   -0.008106824371515955,
   0.08781290385752065
  ],
  [
   0.04197582445628451,
   0.9513208758324279,
   0.30533034792931635,
   -3.586848054007381
  ],
  [
   -0.004953637947286356,
   -0.3053977790343525,
   0.952211981667933,
   0.501680110220669
  ]
 ],
 "templeR0017": [
  [
   0.9965879213555648,
   -0.08010598222591332,
   -0.019888353873966844,
   0.22417242706733928
  ],
  [
   0.07769842676972614,
   0.8292144121815448,
   0.55350376069899,
   -6.518660278074668
  ],
  [
   -0.0278472527496695,
   -0.5531604561445412,
   0.8326091761878793,
   1.8570665659387438
  ]
 ],
 "templeR0019": [
  [
   0.9880820069984682,
   -0.15361376358152345,
   -0.009836619551407536,
   0.1271660589526476
  ],
  [
   0.10792379627791199,
   0.6457922703002019,
   0.7558470730362555,
   -8.919714117015838
  ],
  [
   -0.10975610070899504,
   -0.7479004982341105,
   0.6546743030685763,
   3.8636305915821643
  ]
 ],
 "templeR0021": [
  [
   0.987019883751691,
   -0.14901984194563886,
   -0.059873498188220846,
   0.7003196143753289
  ],
  [
   0.1233640792361466,
   0.46482150221194485,
   0.8767680850918608,
   -10.391952137673805
  ],
  [
   -0.10282535209283658,
   -0.8727737723991983,
   0.4771717606680601,
   5.990158118894251
  ]
 ]
}